id,ALLSKY_SFC_SW_DWN,T2M,QV2M,PRECTOTCORR,WS10M
OM739053,4.7,14.803333333333335,6.713333333333334,1.623333333333333,2.5533333333333332
OU471040,1.46,4.19,4.516666666666667,0.12,3.043333333333333
ON129429,6.8933333333333335,27.066666666666666,15.156666666666665,0.7166666666666667,1.36
OL989074,4.6466666666666665,26.12,18.106666666666676,0.4733333333333334,5.66
ON134852,6.8400000000000025,16.973333333333333,5.576666666666667,0.4966666666666666,4.666666666666667