id,ALLSKY_SFC_SW_DWN,T2M,QV2M,WS10M
OM739053,4.7,14.803333333333336,6.713333333333334,2.553333333333333
OU471040,1.46,4.19,4.516666666666667,3.043333333333333
ON129429,6.8933333333333335,27.066666666666663,15.156666666666665,1.36
OL989074,4.6466666666666665,26.12,18.10666666666668,5.66
ON134852,6.8400000000000025,16.973333333333333,5.576666666666667,4.666666666666667
